ret_1,ret_5,ret_10,sma_5,sma_10,sma_20,sma5_gt_sma20,std_5,std_10,std_20,rsi_14,macd,macd_signal,macd_hist,vol_chg,vol_znorm_20,dow,y,ticker,date
0.018275392895735543,0.060742107524938804,0.05683317620999895,204.57236887799593,199.45059503076862,196.06967251945954,1,0.013958403595161463,0.01488115389035181,0.013375547389595977,76.86169502819389,3.428992441488589,1.9992989552950686,1.4296934861935202,-0.4835300515051403,-0.8014354989025476,0,1,AAPL,2024-01-29
0.004616971516288926,0.033349685937229534,0.08370343168016303,205.92540114177314,201.0696684221076,196.94853618726933,1,0.00892150822655101,0.011829536492038214,0.01336185602944774,77.4397883696924,3.9218282812653342,2.383804820489122,1.5380234607762122,0.6603891354210496,0.5116939747461012,1,0,AAPL,2024-01-30
-0.005371502602326994,0.023006839036850302,0.07372426721355074,206.8631856006163,202.50123751807502,197.7060311795865,1,0.010465238395746772,0.012539354935844503,0.013526737472894384,72.75853081464646,4.173438501861625,2.741731556763623,1.4317069450980022,-0.3395542772229607,-0.6551139738126411,2,0,AAPL,2024-01-31
-0.01814799663616673,0.010261002234563277,0.06494259792287616,207.27902615222743,203.74960977282586,198.319333134706,1,0.014296881174993985,0.013958714468895798,0.014289104052176642,61.259603925380716,4.0211702490476,2.9976192952204186,1.0235509538271814,0.35258777140467945,0.05967336415601622,3,0,AAPL,2024-02-01
-0.02169062348446449,-0.022652729591684295,0.026502110756032593,206.35066171142557,204.2666656549526,198.95055241933994,1,0.016464931775812198,0.016108623813238035,0.013967773236339184,53.95857683749563,3.5018341894953835,3.0984622740754117,0.40337191541997175,-0.3877027586290027,-1.1268924363520505,4,1,AAPL,2024-02-02
0.005721601653906339,-0.03470193915628583,0.023932299449098027,204.90250037125716,204.73743462462653,199.60060510648083,1,0.012644505991575685,0.01603228397923238,0.013977040645799013,62.123522671047475,3.1464482718418765,3.108059473628705,0.03838879821317143,0.37916244681898226,-0.2883140458817082,0,1,AAPL,2024-02-05
0.002533348630082255,-0.03670401277101798,-0.0045783941323378485,203.36371778320398,204.64455946248856,200.11224531009273,1,0.012193272694673222,0.012487564913853279,0.013585033305554968,61.84690625824397,2.8728593725635108,3.0610194534156663,-0.18816008085215552,-0.3762470959776991,-1.265074279257311,1,1,AAPL,2024-02-06
0.0033407627014707675,-0.028266198824624444,-0.005909675674315884,202.18504834249512,204.52411697155577,200.64990183519677,1,0.01313978542972634,0.012434030934412924,0.013578332670437749,66.50760385074635,2.6795833054756315,2.9847322238276597,-0.3051489183520282,0.6719943490527849,-0.037260919584344014,2,1,AAPL,2024-02-07
0.02182099234831525,0.011290900882830579,0.021667759076582582,202.64732209985786,204.96317412604262,201.28072116393002,1,0.015568027582980386,0.014091674740319872,0.01404882429456949,68.08021294493768,2.8502886691927074,2.9578435129006695,-0.10755484370796209,-0.07648603033697576,-0.2874280969129853,3,1,AAPL,2024-02-08
0.007564440181464738,0.04153223394198702,0.017938685885476202,204.3108579037127,205.33075980756917,201.82963111758687,1,0.007870846221515956,0.013875845988459866,0.013744735373932322,68.03879045255084,3.0764738557213036,2.9815695814647967,0.09490427425650694,-0.5204750336919678,-1.5694536896978861,4,1,AAPL,2024-02-09
0.001781955537812241,0.03745230922575482,0.001450702313454677,205.81955911737282,205.36102974431498,202.4058123875418,1,0.0083623537808537,0.012633283337915852,0.013720138377045388,61.24106998407613,3.2482758052474594,3.0349108262213296,0.21336497902612983,5.439771510518222,3.3858548736013216,0,0,AAPL,2024-02-12
-0.003881800358397247,0.030813715964773003,-0.007021283830538572,207.06398072174784,205.21384925247594,203.14175883729177,1,0.009684862278545116,0.012590190398841725,0.012711935514636515,58.03873963686598,3.2811547351454067,3.084159608006145,0.1969951271392616,-0.7719587964874799,-0.7050367879850334,1,1,AAPL,2024-02-13
0.007876064482111866,0.03547320101244211,0.006204309635054139,208.50136305883535,205.34320570066524,203.92222160937013,1,0.009570583010549577,0.012732346800975375,0.012745442435563071,63.02186310186933,3.4003002468407146,3.147387735773059,0.25291251106765555,0.8837974352019007,0.31109531508001037,2,1,AAPL,2024-02-14
0.015936951854315318,0.029510545820550904,0.041134647351239284,209.72323020273265,206.18527615129523,204.96744296206057,1,0.0074170009372664025,0.011644298380236985,0.012566327042500807,64.39863632434538,3.721606577376292,3.2622315040937058,0.4593750732825863,-0.05682467629517929,0.11608409974615415,3,0,AAPL,2024-02-15
-0.0035755327714784846,0.018127929307065083,0.06041305664991681,210.47948436003972,207.39517113187617,205.83091839341438,1,0.008385287896817393,0.008036276594848311,0.012496467436196448,57.26223977945462,3.870139844018013,3.3838131720785674,0.48632667193944545,0.0696393853773638,0.2598941238640179,4,1,AAPL,2024-02-16
0.013228930320011711,0.02976168320670891,0.0683286361950004,211.72328355252938,208.77142133495107,206.7544279797888,1,0.009271277698678082,0.008360640049796335,0.012627771613324911,60.14116173280235,4.166521175320526,3.540354772726959,0.6261664025935665,-0.3745182505552377,-0.5958577084762954,0,0,AAPL,2024-02-19
-0.01604823012407175,0.017184337266613836,0.04852756651896306,212.43866297484593,209.75132184829687,207.19794065539273,1,0.013235132443182585,0.011021729644442833,0.011768794531092563,55.43364353084119,4.075774978961931,3.6474388139739538,0.42833616498797733,1.0067663587877682,0.8664793029292274,1,0,AAPL,2024-02-20
-0.002604862036888922,0.006606613803513239,0.042314172555418805,212.71586072931254,210.60861189407393,207.56636443281485,1,0.013195466599904396,0.011267096830201,0.011800894248369458,62.195006149612155,3.9142343818401457,3.7007979275471925,0.21343645429295321,-0.14095920818447782,0.3977972041683149,2,0,AAPL,2024-02-21
-0.0018151197686228082,-0.010982423263942165,0.01820402525165754,212.2477207606743,210.98547548170345,207.97432480387306,1,0.01039257723225045,0.009503277333002649,0.011699629872220587,73.43801806893524,3.7124874425769008,3.7031358305531343,0.009351612023766442,0.038579215666942446,0.5264767770635872,3,1,AAPL,2024-02-22
0.01891356233059227,0.01133949984449134,0.029672990803114807,212.72935330705405,211.60441883354687,208.467589320558,1,0.013902295920954209,0.010844993927763067,0.012134317245505555,76.42257753855729,3.830151704794247,3.728539005401357,0.10161269939288964,0.3099611989240212,1.2854745903103348,4,1,AAPL,2024-02-23
0.010290353108687533,0.008406402379324662,0.03841827427055522,213.0911292489637,212.40720640074656,208.88411807253078,1,0.013378876635331199,0.011071843295529266,0.011709223780083794,77.90787615867967,4.05499757089558,3.793830718500202,0.26116685239537807,-0.4399197741517564,-0.24214306159376786,0,1,AAPL,2024-02-26
0.022811343754747027,0.048231772171661635,0.0662449404782397,215.1335092045888,213.78608608971734,209.49996767109664,1,0.011629590395835544,0.01216885876249988,0.012594552350326586,80.92936018158949,4.579802381396036,3.9510250510793687,0.6287773303166668,-0.3927102308839219,-0.9185190721406683,1,0,AAPL,2024-02-27
-0.017209557992846625,0.03288268358957147,0.03970654058438394,216.52230316917453,214.61908194924354,209.98114382495436,1,0.016322985821104134,0.014259961001033817,0.013265730083618386,68.09667401621228,4.634097620544878,4.087639564972471,0.5464580555724075,-0.0355453474315921,-0.9207881987748318,2,0,AAPL,2024-02-28
-0.014721831141147446,0.019527323332382274,0.008330442738392119,217.34553901315545,214.7966298869149,210.49095301910506,1,0.018816219347758626,0.014695789110807624,0.013006794749072284,59.78070651532629,4.367670524970919,4.143645756972161,0.22402476799875792,0.77910548051964,-0.06530201104068449,3,0,AAPL,2024-02-29
-0.02425430508697035,-0.023666547030406382,-0.012595413992286031,216.32893037461957,214.5291418408368,210.9621564863565,1,0.02012987268903897,0.016715781681131858,0.013267898259797038,50.989005782579234,3.6933518730361925,4.053586980184967,-0.3602351071487746,-0.2951068609148174,-0.6438358796092112,4,1,AAPL,2024-03-01
0.0031497750005793357,-0.030567122948048864,-0.02241768010380374,215.0023924609381,214.04676085495095,211.409091094951,1,0.0190311981214094,0.016043391514620517,0.013246308220619889,52.982127622571326,3.175638763111408,3.8779973367702554,-0.7023585736588474,0.007374930781018474,-0.6093971472427276,0,0,AAPL,2024-03-04
-0.009091866169903873,-0.06080536851825313,-0.015506347027777867,212.30339445193144,213.71845182826013,211.7348868382785,1,0.010268681551382367,0.015515898029192081,0.0134864236889224,48.19460168356378,2.5812678000461347,3.6186514294254315,-1.0373836293792968,0.6454553991826584,0.22036786484182422,1,0,AAPL,2024-03-05
-0.01746641291900386,-0.06105082956203767,-0.030175661083835514,209.64013710979143,213.08122013948295,211.84491601677846,0,0.010299194764406145,0.01632889874497124,0.014138014959267977,38.9123392753731,1.795746782659819,3.2540705000723094,-1.4583237174124903,-0.3093240561159475,-0.47502444884427586,2,1,AAPL,2024-03-06
0.0005777784587175372,-0.04647062653322587,-0.02785075015061622,207.64276513791,212.4941520755327,211.7398137786181,0,0.011649719019634944,0.016364699061195722,0.013231520326002263,39.911329968417874,1.1692851703923282,2.837113434136313,-1.667828263743985,0.21325356905491732,-0.1488046534579738,3,0,AAPL,2024-03-07
-0.01265499087967381,-0.035135411972311514,-0.05797042512284245,206.16922450018,211.24907743739976,211.42674813547333,0,0.008750629979312684,0.014691348405851169,0.013360610128286323,32.49193175066654,0.45827260423763505,2.3613452681565774,-1.9030726639189424,-0.011647111942502453,-0.23518171269149468,4,1,AAPL,2024-03-08
0.015455174515536019,-0.023299647733109996,-0.05315456748425473,205.18898499247825,210.0956887267082,211.25144756372737,0,0.013034734682136232,0.015395978545715358,0.01387400546824373,41.37945011539118,0.14543598681615322,1.9181634118884927,-1.7727274250723395,-0.3025160812008564,-0.9751558360655318,0,1,AAPL,2024-03-11
0.010304372634762915,-0.004181514955305055,-0.06473262491573617,205.01466391761323,208.65902918477232,211.22255763724485,0,0.01421035597303742,0.01320740098803117,0.014066984700536054,45.2517770260731,0.06756196717174134,1.5480431229451426,-1.4804811557734012,0.07349988970246923,-0.8505925751046037,1,1,AAPL,2024-03-12
0.00630490099576253,0.019911212378781684,-0.042355213216566434,205.83023412124675,207.7351856155191,211.1771337823813,0,0.010786322299489911,0.013200106238777216,0.014024744891445942,47.541462123972515,0.11017844768298346,1.260470187892711,-1.1502917402097275,2.293833748679975,3.048877773898886,2,1,AAPL,2024-03-13
0.004517755554187763,0.0239273187752036,-0.0236552252527662,206.8108717077066,207.22681842280832,211.01172415486158,0,0.01061662491105215,0.012901285828128882,0.013561283220155432,43.08535655042111,0.21759010851354788,1.0518941720168784,-0.8343040635033305,-0.16982807522536902,1.8278163919033945,3,0,AAPL,2024-03-14
-0.01611751268819983,0.020336506405813637,-0.01551343709714359,207.63379581042847,206.90151015530424,210.7153259980705,0,0.012054230648677233,0.01154968405746695,0.01398488866585627,35.74689324896319,0.02948934471257303,0.8474132065560174,-0.8179238618434443,-0.6261186233662495,-0.6719822049286226,4,0,AAPL,2024-03-15
-0.008309294447359727,-0.003542199268967927,-0.026759315006910533,207.48824414440634,206.33861456844232,210.19268771169658,0,0.011101608777245305,0.011605188906369615,0.013630235359094158,24.510628333620986,-0.2550587511669562,0.6269188150114227,-0.8819775661783789,0.04099103311449981,-0.6161356322809493,0,0,AAPL,2024-03-18
-0.002221428431244399,-0.015896329886138094,-0.020011374100289747,206.8283211044051,205.92149251100918,209.81997216963464,0,0.00927126522261623,0.011382550373518917,0.013246725065234253,27.22369680343776,-0.511367728022492,0.39926150640463975,-0.9106292344271317,0.20498369420778162,-0.2431826695359204,1,1,AAPL,2024-03-19
0.011992426657243094,-0.010334283162733326,0.009371161109212656,206.39659692826245,206.11341552475466,209.59731783211882,0,0.010925036852933466,0.01071633239584404,0.013592288888577027,36.18912330787665,-0.5109337361496671,0.2172224578937784,-0.7281561940434454,0.5894054443986281,0.855930120107208,2,1,AAPL,2024-03-20
0.008962675537574682,-0.005955082399660694,0.017829747220633685,206.14669396551443,206.47878283661052,209.4864674560716,0,0.01174115443797262,0.011005080740831117,0.01376981432556446,47.867337421091165,-0.35697155043305884,0.10238365622841095,-0.4593552066614698,0.08944243570286114,1.0674252843962693,3,0,AAPL,2024-03-21
-0.00993823363050328,0.0002880218541003732,0.02063038561819508,206.1585858943606,206.89619085239457,209.07263414489717,0,0.009960524441240256,0.010635267964235648,0.013132277795736487,43.04026084706595,-0.39763377918376364,0.0023801691459760343,-0.4000139483297397,0.2366482649363253,1.7225795929784449,4,0,AAPL,2024-03-22
-0.014869382094529038,0.021145958025174494,-0.010009255328516709,418.7183555410331,418.95439006041926,417.248553534631,1,0.012800698271325186,0.012220487303254863,0.010872445720046043,53.08898238901121,0.5394972726763285,0.29851387979861044,0.24098339287771808,0.004311408094968883,0.4010890413424687,0,1,MSFT,2024-01-29
0.004582863308548291,0.01676378964564318,-0.009560950220028896,420.10368889654364,418.54883907017455,417.31560119581764,1,0.01255125268320997,0.012242259151054848,0.010907047105237036,51.128932672561824,0.6325203904361842,0.3653151819261252,0.267205208510059,-0.399820265770942,-0.9027739704221162,1,0,MSFT,2024-01-30
-0.0121822856477255,-0.010360785028054598,-0.021467758141839988,419.23473899899454,417.63837978793254,417.34394599347445,1,0.012185143845104274,0.012742458648366137,0.011006553303129192,48.43967154697597,0.28991941528437337,0.35023602859777486,-0.06031661331340149,0.16578869323671408,-0.5609145400372835,2,0,MSFT,2024-01-31
-0.006835336232532407,-0.014756061260373543,-0.02673826768967391,418.00013719653833,416.50604760105443,417.5609332388126,1,0.012379537992778076,0.012825789382323623,0.01048222695724969,43.59982138037015,-0.20809116390540794,0.23857059009713832,-0.44666175400254626,0.09683587975052088,-0.24997396411507322,3,0,MSFT,2024-02-01
-0.019959257176449086,-0.04847153954069727,-0.02581751969364987,413.8847624249158,415.4355429314731,417.37524111844976,0,0.009357170226980165,0.01268185440983608,0.011446674974315278,33.99592496284848,-1.2521432500493574,-0.05957217793216085,-1.1925710721171967,-0.03633161695332798,-0.40293060492666655,4,0,MSFT,2024-02-02
-0.0034816675522836293,-0.037472252451670296,-0.017118681103947653,410.7505661259091,414.7344608334711,416.7657492417317,0,0.00921565271704296,0.012226058496951958,0.010669015507641832,31.15959239588075,-2.168052932155206,-0.48126832877676984,-1.686784603378436,-0.014666396705604212,-0.3768099229828378,0,1,MSFT,2024-02-05
0.020969994846104845,-0.021771139697592035,-0.005372316858185178,408.9212729082589,414.5124809024013,416.5643257136509,0,0.015435454103031983,0.013868575341549751,0.011786972245066425,40.02199703947728,-2.1875763806125974,-0.8225299391439354,-1.365046441468662,-0.1209438765449038,-0.9474610912604502,1,1,MSFT,2024-02-06
0.003010227106115426,-0.00672610231833759,-0.017017199646195302,408.36300528811086,413.79887214355267,416.2250136058977,0,0.014984074104089667,0.012881740724789568,0.011581183823764132,41.51127050444168,-2.0792552331868706,-1.0738749979525224,-1.0053802352343482,0.12505975855282503,-0.47228474039993645,2,0,MSFT,2024-02-07
-0.015008148078724415,-0.014899813056989841,-0.02943601176312627,407.13477147755214,412.56745433704526,415.69419910184905,0,0.01614520893945799,0.013563363249387653,0.011972433593898858,43.24165040895142,-2.4642030897406357,-1.351940616310145,-1.1122624734304907,-0.13043151886988147,-0.8736306687957349,3,1,MSFT,2024-02-08
0.009083538429222049,0.014292915500464964,-0.034871423659064815,408.2894608957296,411.0871116603227,415.23216159548093,0,0.013474043250366715,0.012840675543032557,0.012102964409812707,50.13550914124967,-2.4435088840005506,-1.5702542698482262,-0.8732546141523243,0.14164291428950193,-0.3763983546287493,4,1,MSFT,2024-02-09
0.003480259259818208,0.021379020004336002,-0.016894352482106245,410.01060584182324,410.3805859838661,414.6674880221427,0,0.01299914210580903,0.012331518276695623,0.01195403751113114,48.29119660706131,-2.285702136726968,-1.7133438432239747,-0.5723582935029934,-0.09608060041176536,-0.7837002873505595,0,1,MSFT,2024-02-12
0.011620178507660617,0.012025457904383918,-0.010007489717171913,410.9990320529863,409.9601524806227,414.2544957753986,0,0.010419421901657856,0.012912820072827527,0.012246442157489405,47.08035095737397,-1.7549065196363358,-1.721656378506447,-0.03325014112988889,0.2798041334094672,0.25900558558666903,1,1,MSFT,2024-02-13
0.001721089993490521,0.01072473380262684,0.003926495827395904,411.88319948514084,410.12310238662576,413.88074108727926,0,0.010417647504518604,0.012300673886669736,0.012259740335430406,48.54030909624106,-1.2619391200151995,-1.6297129268081976,0.3677738067929981,-0.07164346258984577,0.06048770146019446,2,1,MSFT,2024-02-14
0.0002860644376301291,0.026418507151270587,0.011125063276482106,414.02850378567916,410.58163763161565,413.54384261633504,1,0.004886213830156468,0.012034648305766197,0.012261148478377077,42.59169405376332,-0.8518225421677812,-1.4741348498801143,0.6223123077123331,-0.12753126470431997,-0.6759117716895489,3,1,MSFT,2024-02-15
0.010783260983059817,0.0281474291085122,0.04284265343478055,416.33496675213416,412.31221382393187,413.87387837770245,1,0.005265062105099595,0.009745750566556332,0.011545218300309319,53.00573453029703,-0.1623095030990953,-1.2117697805239107,1.0494602774248154,-0.07344706449877814,-0.9674503744834504,4,1,MSFT,2024-02-16
0.00572289580910379,0.0304451932959946,0.05247510169684144,418.83839599433134,414.42450091807734,414.57948087577415,1,0.005135595033092885,0.009361861348285852,0.011161438349371012,53.46034548677267,0.5720660767831873,-0.8550026090624911,1.4270686858456785,-0.0888657149811537,-1.2576458356440723,0,1,MSFT,2024-02-19
0.008737565677818582,0.027508938565463215,0.03986520405256044,421.1266693410745,416.06285069703046,415.2876657997159,1,0.004469262609681512,0.007723337860538109,0.011155599660723924,62.437846411034634,1.4362050863234117,-0.3967610699853106,1.8329661563087223,0.17254112562241075,-0.5316658923649897,1,0,MSFT,2024-02-20
-0.004848258514852488,0.02077047176037894,0.031717963343590894,422.857391072491,417.3702952788159,415.58458371118434,1,0.006391745223372899,0.008213139918930249,0.010798795036113706,63.41425340630157,1.931587757608554,0.06890869553346235,1.8626790620750917,0.949483644966107,2.947767624881272,2,1,MSFT,2024-02-21
0.003978309477451036,0.02453832862167782,0.05160510178312028,424.90265840990094,419.46558109779005,416.0165177174176,1,0.006039281797148807,0.005182473879390147,0.010794701686589444,77.18831308557174,2.432662959490642,0.5416595483248984,1.8910034111657437,-0.3721186606801147,0.33281069194798757,3,1,MSFT,2024-02-22
0.01196739438216099,0.025738576093524923,0.054610479947983626,427.0710996734122,421.70303321277316,416.395072436548,1,0.006344413986257104,0.00550185963577033,0.010624692939589616,82.07463440713603,3.2051390448759207,1.074355447635103,2.130783597240818,0.105743165393827,0.8932317664846305,4,1,MSFT,2024-02-23
0.006651759848880445,0.026685926185200604,0.05794357766218616,429.3322204640152,424.0853082291733,417.2329471065197,1,0.006380286867479721,0.005473770214649571,0.010011612042593156,79.6109528464276,4.003104873584448,1.660105332824972,2.342999540759476,0.5433851629481357,2.9067389608597267,0,0,MSFT,2024-02-26
-0.017023962391021996,0.00046602598000555773,0.027987784425522744,429.37205225236886,425.2493607967217,417.6047566386722,1,0.011363396217427189,0.008607266012612143,0.010850462797439144,66.4398096390043,3.991980928495252,2.126480451959028,1.8655004765362242,-0.3807446519552423,0.36275233390210754,1,0,MSFT,2024-02-27
-0.004249402505919653,0.0010680799848521438,0.0218607362703942,429.46289970649724,426.1601453894941,418.14162388806,1,0.011300591282090404,0.008892581735485534,0.010484594098312256,73.302770513068,3.7928387488308317,2.4597521113333887,1.333086637497443,0.3919574958831451,1.7051231280741914,2,0,MSFT,2024-02-28
-0.015408900042907736,-0.018262931878253785,0.00582725491940006,427.90333350779,426.4029959588455,418.4923167952305,1,0.01291816706590176,0.010506594613937855,0.010998698229144965,60.47820244330412,3.0702750636103247,2.581856701788776,0.4884183618215485,-0.5098685739765074,-0.9142112719120725,3,0,MSFT,2024-02-29
-0.0070689290338306066,-0.036730586510192786,-0.011937403412520253,424.7291816702038,425.900140671808,419.10617724787,1,0.009542654006839667,0.010098677442928127,0.010048567900146172,55.43534324241163,2.232799206509128,2.5120452027328466,-0.2792459962237186,-0.28200778015635364,-1.4632338500670838,4,1,MSFT,2024-03-01
0.006594284384674909,-0.03678558502994278,-0.011081316251530637,421.52913170810825,425.4306760860617,419.92758850206945,1,0.009521476722005501,0.010168131720513783,0.010035801225175566,53.40768384947481,1.7701577353269613,2.36366770925167,-0.5935099739247085,1.1000896011027828,0.37540838579635194,0,0,MSFT,2024-03-04
-0.0015366916777852513,-0.02160966839639067,-0.02115371308327707,419.68126719502044,424.5266597236947,420.29475521036255,0,0.008021732012668321,0.009568773895960394,0.009012265542523367,51.88915454802365,1.336158416859405,2.158165850773217,-0.8220074339138121,-0.3897798931779438,-0.9758561302918001,1,1,MSFT,2024-03-05
0.015033428724562592,-0.0026630208228648478,-0.001597785157252729,419.4545172655727,424.458708486035,420.91450188242544,0,0.01181222433694837,0.010905172631565216,0.009544020911873605,57.73484085842947,1.482567815762195,2.0230462437710126,-0.5404784280088175,0.9735010767820687,1.0088823669524412,2,1,MSFT,2024-03-06
0.012549849081048503,0.02565766417426052,0.006926148123037157,421.60554307065286,424.7544382892214,422.1100096935058,0,0.00933452755258356,0.011578003847480001,0.009005452002991318,58.41847579558857,2.0054638760464627,2.019529770226103,-0.014065894179640104,0.009947888444115982,0.9510827376876224,3,0,MSFT,2024-03-07
-0.003869459223227456,0.028962587172939758,-0.008831812150967733,424.0164750571095,424.37282836365665,423.0379307882149,1,0.008348092479678437,0.01093876085675021,0.009003394335804146,54.53698852349391,2.2595764524402853,2.0675391066689395,0.1920373457713458,0.09246243969877543,1.1975967565779948,4,1,MSFT,2024-03-08
0.00507319573604148,0.027407697248074125,-0.010386095959462716,426.3130182255971,423.92107496685264,424.0031915980129,1,0.008337537486254371,0.010829596060784843,0.009021821128665664,53.12797551162572,2.606237761063653,2.175278837547882,0.4309589235157709,-0.16660477860885248,0.42302748993054345,0,1,MSFT,2024-03-11
0.012448188898261048,0.041797984631862795,0.01928507564794013,429.8099689841727,424.74561808959663,424.99748944315917,1,0.00773145734665392,0.009956552195594897,0.009068448804261732,59.992677588977756,3.2755746447496676,2.3953379989882393,0.8802366457614283,-0.4029614488534833,-0.9684434754617275,1,0,MSFT,2024-03-12
-0.008477567930991747,0.017667046438802014,0.01495697790339201,431.31027023369523,425.38239374963393,425.7712695695641,1,0.009515852652817545,0.010332073424413226,0.009388377540322955,54.695834657169506,3.467935210071971,2.6098574412049858,0.8580777688669854,-0.04405646448713385,-0.9973349334186102,2,0,MSFT,2024-03-13
-9.099713564719725e-05,0.004962316251436949,0.030747301869603394,431.7369630903339,426.67125308049344,426.5371245196694,1,0.008099024085162939,0.008517228153293983,0.009392097531592203,49.980802324491314,3.5759877552119974,2.803083504006388,0.7729042512056092,0.5668876138183641,0.0822124316461328,3,0,MSFT,2024-03-14
-0.005890947566328686,0.002922905226076633,0.03197014729642489,431.9873213494081,428.00189820325886,426.95101943753343,1,0.008446899009769455,0.00836833346452789,0.009296800041687495,44.47587650220238,3.4168498876162516,2.925836780728361,0.4910131068878907,0.2330827794468482,0.7290933237121484,4,0,MSFT,2024-03-15
-0.011380642135759067,-0.013495730700653352,0.01354207964623555,430.8254948343185,428.5692565299578,426.9999663080098,1,0.00942321832001109,0.009418810144877061,0.00962186747281305,46.872129009915405,2.863286597319984,2.9133267440466857,-0.05004014672670154,-0.23922871741760232,-0.24599047967973287,0,1,MSFT,2024-03-18
0.004828861988174227,-0.020919812849654496,0.020003765766216874,429.00212198833,429.40604548625134,426.96635260497294,1,0.006540694542507296,0.009414451642728609,0.009477067821824363,51.00701828473218,2.560525343189056,2.8427664638751597,-0.28224112068610374,-0.16024883487456687,-0.7389787261047263,1,0,MSFT,2024-03-19
-0.004264332246981639,-0.01675944748767144,0.0006115090140772494,427.5537506265276,429.4320104301114,426.9453594580732,1,0.0061093791071574225,0.008371131132551937,0.009462350372675348,56.73688476860495,2.1489925099148763,2.7040116730831034,-0.5550191631682271,-0.2612914942341754,-1.2848750263315531,2,1,MSFT,2024-03-20
0.01911778778148787,0.0021291276135735338,0.00710200926956861,427.73773562062627,429.7373493554801,427.2458938223508,1,0.01193788302210594,0.00962140706495959,0.01036084439224116,67.70646816017754,2.4500221946923944,2.653213777404962,-0.20319158271256743,0.5366828094061991,-0.24705856147162775,3,1,MSFT,2024-03-21
0.006074429284526284,0.014191036350608144,0.017155420630997398,428.95680620397377,430.4720637766909,427.4224460701738,1,0.011533380648378099,0.00960484295862047,0.01010570399798132,67.62820952256607,2.867763410108637,2.696123703945697,0.17163970616294,-0.2739259371816942,-0.9679304260672281,4,0,MSFT,2024-03-22
0.01829544561824248,0.01956628909014335,-0.06436173202409756,1248.4165743740562,1283.3303986974583,1292.0347188205058,0,0.02005889200140249,0.026737312355568907,0.024279322433308367,38.770968545463624,6.262927139451676,19.66563167068109,-13.402704531229414,-0.4927395527672671,-0.9196213025265557,0,0,NVDA,2024-01-29
-0.005780954215998668,-0.004177678968215415,-0.09321152222052775,1247.3752980197564,1270.5734616935702,1292.5496906140886,0,0.01871431863377141,0.024267441004866504,0.022846346495864697,38.42312870404871,3.516421903541186,16.43578971725311,-12.919367813711926,0.0728969240657582,-0.7864004120296845,1,0,NVDA,2024-01-30
-0.02355286978120774,-0.04641129881635264,-0.11673671795187945,1235.57958607793,1254.5576542366366,1290.8814684410802,0,0.016833669151146098,0.024241286578446077,0.023304794871816074,37.851554212572665,-1.0071978048972596,12.947192212823039,-13.954390017720298,0.7090520114369092,0.2668539434031049,2,1,NVDA,2024-01-31
0.037279108069334654,0.0047801225828711935,-0.06142028973619762,1236.7755695073047,1246.33204892589,1290.058539385051,0,0.02602948617950944,0.0283066499551386,0.02429514445647902,38.30534328754038,-0.9361717803185456,10.170519414194722,-11.106691194513267,0.46365536307054933,1.475590114235097,3,1,NVDA,2024-02-01
0.008089229538552178,0.033711192823796976,-0.01553120318066259,1245.040344588286,1244.332973004465,1288.566680987265,0,0.02314270268242608,0.02603946058387238,0.02397947084915562,41.44005679451193,-0.058735739948133414,8.124668383366151,-8.183404123314284,-0.6928142224358189,-1.120563065313289,4,1,NVDA,2024-02-02
0.010214060456912755,0.025507465378355354,0.04557284091004843,1251.4082708622277,1249.9124226181418,1287.3549293461035,0,0.022415698419029923,0.02006357795542218,0.024066395711539235,38.02676311601823,1.661848842945119,6.832104475281945,-5.170255632336826,1.4956886853355371,0.733817620195269,0,0,NVDA,2024-02-05
-0.006741262645438062,0.024516935708226884,0.020236832853338216,1257.4935287422525,1252.4344133810043,1284.198889091142,0,0.022537621797663828,0.01976380431813537,0.023426924854784134,36.596236437978355,2.302561248210168,5.92619582986759,-3.623634581657422,-0.29706935023610215,-0.11881649426018161,1,0,NVDA,2024-02-06
-0.005432050062825433,0.04352983063704752,-0.004901744156426413,1268.0434327977168,1251.8115094378231,1280.8843200184842,0,0.01773116335461099,0.01886676446972894,0.02343811336464817,39.30315140647917,2.2273482591626816,5.186426315726608,-2.9590780565639268,-0.6006690382373063,-1.4242123695297093,2,0,NVDA,2024-02-07
-0.012609858072535562,-0.0066597701981438995,-0.0019114821331936982,1266.3691978345762,1251.5723836709406,1277.9410879242362,0,0.009941393326588275,0.018622946995677524,0.023293984483494703,43.843683945287495,0.8710073349423055,4.323342519569748,-3.452335184627443,2.61167180332273,1.0008739339934085,3,0,NVDA,2024-02-08
-0.039615968730442375,-0.05366701045301436,-0.021764996566875805,1252.7684264213449,1248.9043855048153,1270.4106845827796,0,0.01816939570812275,0.02172130984287251,0.023261325753349806,45.801722448745416,-4.1474817825032915,2.6291776591551406,-6.776659441658432,0.2940832415302572,1.7565834658714259,4,0,NVDA,2024-02-09
-0.006269237266380734,-0.06910798382951067,-0.0453632879560546,1235.0755774644585,1243.2419241633434,1263.2861614304009,0,0.014524847069987362,0.020529188997866408,0.02322016369124054,40.42261808367371,-8.631784066678165,0.3769853139884795,-9.008769380666644,-0.14459267850987112,1.1057935042445823,0,1,NVDA,2024-02-12
0.0016111465181021245,-0.06128002247994613,-0.03826548514305883,1219.4925851297312,1238.4930569359917,1254.533259314781,0,0.01599362241656832,0.020608551584137123,0.022110735335781343,35.28823598776346,-11.893605649170922,-2.077132878643401,-9.816472770527522,-0.252869412250296,0.22742014031526703,1,1,NVDA,2024-02-13
0.049911359635592234,-0.009044311173078246,0.034091822130376315,1217.2051862870787,1242.624309542398,1248.590981889517,0,0.03260273430236264,0.025305161417900804,0.025429355055413678,50.350253042891225,-9.561494108741044,-3.57400512466293,-5.987488984078114,0.023603319920300514,0.24233313584876087,2,0,NVDA,2024-02-14
-0.0265393021143554,-0.023024055581395086,-0.029530490860337544,1211.455594480512,1238.9123961575442,1242.622222541717,0,0.03434903109143211,0.023887580945119745,0.025545329948763858,49.03933727760227,-10.278340445696358,-4.914872188869616,-5.363468256826742,-0.06194812548273876,0.15315057081687494,3,1,NVDA,2024-02-15
0.034385556380931215,0.052255944429151935,-0.004215486339773977,1223.988039828645,1238.378233124995,1241.35560306473,0,0.03104767351263028,0.02651485636158318,0.02558413670695077,52.05452486536751,-7.376762314486086,-5.40725021399291,-1.9695121004931764,-0.15243587989242302,-0.31429108048659804,4,1,NVDA,2024-02-16
0.03478380948826865,0.09572678593321782,0.020003316929383175,1246.8020867348364,1240.9388320996477,1245.4256273588949,1,0.030892607435109604,0.028631552045558003,0.02409109001961517,58.819985544660426,-1.518159089724577,-4.629431989139244,3.111272899414667,0.4608476394982275,0.7042141493583275,0,0,NVDA,2024-02-19
-0.01207376256870385,0.08075598463812339,0.01452723360416286,1266.0792319229272,1242.7859085263294,1247.6101609536668,1,0.03331112848011145,0.028868332148680148,0.0240794339952328,61.063056323090855,1.8316383434962518,-3.337217922612145,5.1688562661083965,0.48564513729580594,1.943789390913324,1,0,NVDA,2024-02-20
-0.037786395090570135,-0.009518182213945847,-0.018476407985279053,1263.6937581240786,1240.4494722055788,1246.130490821701,1,0.034131169741865426,0.03146692577617981,0.025257640104402485,47.78647692452281,0.5470193858609491,-2.560370460917526,3.1073898467784753,-0.31883083124658185,0.47439136897420514,2,0,NVDA,2024-02-21
-0.005873679908154128,0.011508781784638433,-0.01178025262824034,1266.5015726338013,1238.978583557157,1245.2754836140487,1,0.03148120359104134,0.03127227217746593,0.0250530435051751,45.301128622625626,-1.0472474005143795,-2.257745848836897,1.2104984483225176,-0.08038111179602314,0.1558682875205112,3,1,NVDA,2024-02-22
0.005754730350404635,-0.01648883649316435,0.0349054682124994,1262.3404403966053,1243.164240112625,1246.0343128087202,1,0.026480834680380105,0.028140893138328207,0.02464520195580348,44.38274331528395,-1.7179414640042978,-2.1497849718703774,0.4318435078660796,-0.18112618630897936,-0.35598787306447544,4,1,NVDA,2024-02-23
0.0069196769316965945,-0.04297232529492223,0.04864085805373608,1251.118705990799,1248.9603963628176,1246.1011602630804,1,0.018153948985792923,0.02792527634677624,0.024352190053077694,46.85641480691288,-1.5388095798409722,-2.0275898934644965,0.48878031362352425,-0.20646132882938462,-0.901629089638864,0,1,NVDA,2024-02-26
0.04044267926650513,0.007901602645299821,0.08929568898526363,1253.1572065589103,1259.618219240919,1249.0556380884552,1,0.02811153638904997,0.03000705521870643,0.025886459699064758,54.54238363599986,2.6504775389764745,-1.0919764069763023,3.742453945952777,-0.015575773162733841,-0.9573386320587088,1,1,NVDA,2024-02-27
0.015731154284276183,0.06396028182977664,0.053833313998919774,1269.0345380636838,1266.364148093881,1254.4942288181394,1,0.017359575329951294,0.02657909740609726,0.025277237884496977,59.08596651001203,7.534008546839459,0.63322058378685,6.900787963052609,0.1539647122049086,-0.6102170564264644,2,0,NVDA,2024-02-28
-0.032984922120994686,0.03494456790836664,0.046855519099620935,1277.6581338326855,1272.0798532332435,1255.4961246953937,1,0.026433160675257996,0.027506389620446794,0.025380222984434302,59.980386612559656,7.799486150378925,2.0664736971052653,5.73301245327366,0.2925820474425118,0.13156090425618588,3,0,NVDA,2024-02-29
-0.03381985613010641,-0.005778584634953066,-0.02217213899090975,1276.223892353797,1269.2821663752013,1253.830199750098,1,0.03224900969218766,0.027845049870066196,0.02647872940824833,54.95567930649153,4.473366327112217,2.5478522231066556,1.9255141040055612,-0.43741322762075785,-1.2835114101142353,4,1,NVDA,2024-03-01
0.03041909147648303,0.017424478850866842,-0.02629661681732931,1280.578564117075,1265.848635053937,1253.3937335767923,1,0.035220286246160505,0.027233801510482058,0.02730174004965573,58.432183166683096,4.810448464267438,3.0003714713388123,1.8100769929286256,0.41982954588716415,-0.47481191438791365,0,1,NVDA,2024-03-04
0.02010673079935832,-0.0024615679092596654,0.0054205844045369656,1279.9384968648578,1266.547851711884,1254.6668801191067,1,0.030857732837405845,0.027848483391517912,0.027610580379734788,55.12467037712013,7.058925968347239,3.812082370740498,3.246843597606741,0.22533025912765292,0.07347593306253507,1,1,NVDA,2024-03-05
0.018870527645642232,0.0006215762548584802,0.06462161427707458,1280.1026642856418,1274.5686011746627,1257.5090366901209,1,0.03128954725847791,0.02468956827001177,0.02783015473681154,62.12742219571222,10.692418276637,5.188149551919798,5.5042687247172015,-0.5292573851911773,-1.7007863030014463,2,0,NVDA,2024-03-06
-0.039774258612290336,-0.006403708807444342,0.028317084263635106,1278.467138556215,1278.0626361944503,1258.5206098758035,1,0.033196191928584085,0.028603196419584125,0.029237184733814855,50.81935428958907,9.224701229659786,5.995459887467796,3.2292413421919903,0.7125672357494302,-0.5306162593543717,3,0,NVDA,2024-03-07
-0.010208934224021693,0.017877192209169834,0.011995302706000688,1282.878607467009,1279.551249910403,1261.357745011514,1,0.028707744668740955,0.028886765179560524,0.027779055731072717,43.74720264158742,6.9363302964834475,6.183633969270926,0.7526963272125213,-0.4134477868611677,-1.515092179112391,4,1,NVDA,2024-03-08
0.017506878709772078,0.005122142361098536,0.02263587187320737,1284.1810226632376,1282.3797933901565,1265.670094876487,1,0.026194607126099886,0.029295731577453816,0.027884451968878204,48.50952523833027,6.81831718822059,6.310570613060859,0.5077465751597305,0.7378989423240077,-0.24646070447594018,0,1,NVDA,2024-03-11
0.002627197160256056,-0.012100630284505032,-0.014532411670574508,1281.0423110440354,1280.4904039544467,1270.0543115976827,1,0.02414331109311629,0.026143358448439485,0.027881047040897753,55.57451119271588,6.915967280488076,6.431649946546303,0.4843173339417728,-0.29310888607356744,-1.0171490408023207,1,1,NVDA,2024-03-12
0.04451898599392545,0.012768178017363407,0.013397690668495388,1284.4166705607217,1282.259667423182,1274.3119077585316,1,0.0313787589608599,0.029569574552536462,0.02743539836839051,62.76266656201901,11.463773707089786,7.438074698655,4.025699008434786,1.227172809360657,1.3622609444430354,2,0,NVDA,2024-03-13
-0.0038646649284288515,0.050642702934795336,0.043914693004534655,1297.268135750934,1287.8676371535746,1279.973745193409,1,0.02181074645884124,0.027102352797043688,0.02657727210838091,61.31529715515987,14.483651404008697,8.84719003972574,5.636461364282956,-0.4443791922817947,-0.5193153197068222,3,1,NVDA,2024-03-14
0.0013279901665510518,0.06288890907302003,0.08189037839751334,1313.0643624428353,1297.971484954922,1283.6268256650615,1,0.019623602909337,0.02361552729743604,0.02565123367572969,60.656248401409464,16.825819969722488,10.44291602572509,6.382903943997398,0.8640257864634595,1.3745728628054572,4,0,NVDA,2024-03-15
-0.028601896698812523,0.014723626834468817,0.01992118570828505,1316.827338476341,1300.5041805697895,1283.1764078118633,1,0.02632660840329274,0.024779087693954385,0.025449576431427267,49.55693991019745,15.423434529056749,11.439019726391422,3.984414802665327,-0.5561223045602015,-0.8781613165471835,0,1,NVDA,2024-03-18
0.0028445338582636648,0.014943585641761237,0.0026621285522803184,1320.6565640293138,1300.8494375366745,1283.6986446242793,1,0.026325602483123753,0.023985529232248348,0.02529641495467498,47.27775061501878,14.443170296398648,12.039849840392868,2.4033204560057797,0.5905151534104218,0.43020594017138125,1,0,NVDA,2024-03-19
-0.016509546958190957,-0.04435693344065361,-0.03215511264576476,1308.7842880347391,1296.6004792977305,1285.5845402361965,1,0.01335993977718898,0.023584757759731484,0.02400686663402131,50.27086672444469,11.797969691448316,11.991473810603958,-0.19350411915564258,-0.5316700965111196,-1.4010743499045342,2,1,NVDA,2024-03-20
0.010965655721537182,-0.030129455903202595,0.018987409946699785,1300.7512078011212,1299.0096717760275,1288.536153985239,1,0.01613269089302283,0.019979889007569224,0.024019909240263405,59.241590050482955,10.709795220047454,11.735138092492658,-1.0253428724452043,-0.029467676435078527,-1.3036655577378804,3,1,NVDA,2024-03-21
0.005620253155051547,-0.025972037473931397,0.03528351849594946,1293.817377752208,1303.4408700975216,1291.4960600039624,1,0.016723150851906666,0.01952160170063333,0.02401900247072409,54.98056814659193,10.314858669825526,11.451082207959232,-1.1362235381337058,0.7095584742810872,-0.1035121430966028,4,1,NVDA,2024-03-22
